name,email,phone
Kalpana Sharma,kalpana.sharma@schooltimes-d.ca,1000000001
Mayank Agarwal,mayank.agarwal@schooltimes-d.ca,1000000002
Paras Rawat,paras.rawat@schooltimes-d.ca,1000000003
Mansi Singh,mansi.singh@schooltimes-d.ca,1000000004
Aman Rai,aman.rai@schooltimes-d.ca,1000000005
Inder Singh,inder.singh@schooltimes-d.ca,1000000006
Amitabh Bhattacharya,amitabh.bhattacharya@schooltimes-d.ca,1000000007
Kartik Jana,kartik.jana@schooltimes-d.ca,1000000008
Amod Rai,amod.rai@schooltimes-d.ca,1000000009
